{"episode_lengths": [0], "episode_rewards": [0], "initial_reset_timestamp": 1471372882.2789574, "timestamps": [1471372946.691694]}